
<?xml version="1.0" encoding="utf-8"?><rss version="2.0" xmlns:atom="http://www.w3.org/2005/Atom" xmlns:cf="http://www.microsoft.com/schemas/rss/core/2005"><channel cfi:lastdownloaderror="None" xmlns:cfi="http://www.microsoft.com/schemas/rss/core/2005/internal"><title>Suomen Pankki - Valuuttakurssit</title><link>http://www.suomenpankki.fi/fi/tilastot/valuuttakurssit/Pages/default.aspx</link><description>Valuuttakurssit ovat EKP:n julkaisemia euron viitekursseja. Kurssit ovat  markkinakursseja ja perustuvat normaalisti klo15.15 Suomen aikaa pidettävään keskuspankkien puhelinkokoukseen. Viitekurssit julkaistaan TARGETin aukiolopäivinä.</description><copyright>Suomen Pankki</copyright><language>fi</language><managingEditor>tilastopiste@suomenpankki.fi</managingEditor><pubDate>Wed, 17 Sep 2014 12:47:16 GMT</pubDate><lastBuildDate>Wed, 17 Sep 2014 12:47:16 GMT</lastBuildDate><skipDays>Saturday</skipDays><skipDays>Sunday</skipDays><skipHours>0</skipHours><skipHours>1</skipHours><skipHours>2</skipHours><skipHours>3</skipHours><skipHours>4</skipHours><skipHours>5</skipHours><skipHours>6</skipHours><skipHours>8</skipHours><skipHours>9</skipHours><skipHours>10</skipHours><skipHours>11</skipHours><skipHours>15</skipHours><skipHours>16</skipHours><skipHours>17</skipHours><skipHours>18</skipHours><skipHours>19</skipHours><skipHours>20</skipHours><skipHours>21</skipHours><skipHours>22</skipHours><skipHours>23</skipHours><item><title>USD, Yhdysvaltain dollari, 17.9.2014: 1,2956</title><link>http://www.suomenpankki.fi/fi/tilastot/valuuttakurssit/Pages/tilastot_valuuttakurssit_valuuttakurssit_short_fi.aspx?params=ValueSelect,USD</link><description>EUR/USD, Euroopan keskuspankin julkaisema viitekurssi 17.9.2014: 1,2956</description><source>Euroopan keskuspankki</source><guid isPermaLink="False">20140917154716705</guid></item><item><title>JPY, Japanin jeni, 17.9.2014: 139,05</title><link>http://www.suomenpankki.fi/fi/tilastot/valuuttakurssit/Pages/tilastot_valuuttakurssit_valuuttakurssit_short_fi.aspx?params=ValueSelect,JPY</link><description>EUR/JPY, Euroopan keskuspankin julkaisema viitekurssi 17.9.2014: 139,05</description><source>Euroopan keskuspankki</source><guid isPermaLink="False">20140917154716533</guid></item><item><title>GBP, Englannin punta, 17.9.2014: 0,79360</title><link>http://www.suomenpankki.fi/fi/tilastot/valuuttakurssit/Pages/tilastot_valuuttakurssit_valuuttakurssit_short_fi.aspx?params=ValueSelect,GBP</link><description>EUR/GBP, Euroopan keskuspankin julkaisema viitekurssi 17.9.2014: 0,79360</description><source>Euroopan keskuspankki</source><guid isPermaLink="False">20140917154716579</guid></item><item><title>SEK, Ruotsin kruunu, 17.9.2014: 9,2634</title><link>http://www.suomenpankki.fi/fi/tilastot/valuuttakurssit/Pages/tilastot_valuuttakurssit_valuuttakurssit_short_fi.aspx?params=ValueSelect,SEK</link><description>EUR/SEK, Euroopan keskuspankin julkaisema viitekurssi 17.9.2014: 9,2634</description><source>Euroopan keskuspankki</source><guid isPermaLink="False">20140917154716289</guid></item><item><title>CZK, Tšekin koruna, 17.9.2014: 27,532</title><link>http://www.suomenpankki.fi/fi/tilastot/valuuttakurssit/Pages/tilastot_valuuttakurssit_valuuttakurssit_short_fi.aspx?params=ValueSelect,CZK</link><description>EUR/CZK, Euroopan keskuspankin julkaisema viitekurssi 17.9.2014: 27,532</description><source>Euroopan keskuspankki</source><guid isPermaLink="False">20140917154716301</guid></item><item><title>DKK, Tanskan kruunu, 17.9.2014: 7,4458</title><link>http://www.suomenpankki.fi/fi/tilastot/valuuttakurssit/Pages/tilastot_valuuttakurssit_valuuttakurssit_short_fi.aspx?params=ValueSelect,DKK</link><description>EUR/DKK, Euroopan keskuspankin julkaisema viitekurssi 17.9.2014: 7,4458</description><source>Euroopan keskuspankki</source><guid isPermaLink="False">20140917154716774</guid></item><item><title>HUF, Unkarin forintti, 17.9.2014: 313,70</title><link>http://www.suomenpankki.fi/fi/tilastot/valuuttakurssit/Pages/tilastot_valuuttakurssit_valuuttakurssit_short_fi.aspx?params=ValueSelect,HUF</link><description>EUR/HUF, Euroopan keskuspankin julkaisema viitekurssi 17.9.2014: 313,70</description><source>Euroopan keskuspankki</source><guid isPermaLink="False">2014091715471614</guid></item><item><title>LTL, Liettuan liti, 17.9.2014: 3,4528</title><link>http://www.suomenpankki.fi/fi/tilastot/valuuttakurssit/Pages/tilastot_valuuttakurssit_valuuttakurssit_short_fi.aspx?params=ValueSelect,LTL</link><description>EUR/LTL, Euroopan keskuspankin julkaisema viitekurssi 17.9.2014: 3,4528</description><source>Euroopan keskuspankki</source><guid isPermaLink="False">20140917154716760</guid></item><item><title>PLN, Puolan zloty, 17.9.2014: 4,1876</title><link>http://www.suomenpankki.fi/fi/tilastot/valuuttakurssit/Pages/tilastot_valuuttakurssit_valuuttakurssit_short_fi.aspx?params=ValueSelect,PLN</link><description>EUR/PLN, Euroopan keskuspankin julkaisema viitekurssi 17.9.2014: 4,1876</description><source>Euroopan keskuspankki</source><guid isPermaLink="False">20140917154716814</guid></item><item><title>CHF, Sveitsin frangi, 17.9.2014: 1,2101</title><link>http://www.suomenpankki.fi/fi/tilastot/valuuttakurssit/Pages/tilastot_valuuttakurssit_valuuttakurssit_short_fi.aspx?params=ValueSelect,CHF</link><description>EUR/CHF, Euroopan keskuspankin julkaisema viitekurssi 17.9.2014: 1,2101</description><source>Euroopan keskuspankki</source><guid isPermaLink="False">20140917154716709</guid></item><item><title>NOK, Norjan kruunu, 17.9.2014: 8,3040</title><link>http://www.suomenpankki.fi/fi/tilastot/valuuttakurssit/Pages/tilastot_valuuttakurssit_valuuttakurssit_short_fi.aspx?params=ValueSelect,NOK</link><description>EUR/NOK, Euroopan keskuspankin julkaisema viitekurssi 17.9.2014: 8,3040</description><source>Euroopan keskuspankki</source><guid isPermaLink="False">2014091715471645</guid></item><item><title>BGN, Bulgarian uusi lev, 17.9.2014: 1,9558</title><link>http://www.suomenpankki.fi/fi/tilastot/valuuttakurssit/Pages/tilastot_valuuttakurssit_valuuttakurssit_short_fi.aspx?params=ValueSelect,BGN</link><description>EUR/BGN, Euroopan keskuspankin julkaisema viitekurssi 17.9.2014: 1,9558</description><source>Euroopan keskuspankki</source><guid isPermaLink="False">20140917154716414</guid></item><item><title>HRK, Kroatian kuna, 17.9.2014: 7,6255</title><link>http://www.suomenpankki.fi/fi/tilastot/valuuttakurssit/Pages/tilastot_valuuttakurssit_valuuttakurssit_short_fi.aspx?params=ValueSelect,HRK</link><description>EUR/HRK, Euroopan keskuspankin julkaisema viitekurssi 17.9.2014: 7,6255</description><source>Euroopan keskuspankki</source><guid isPermaLink="False">20140917154716862</guid></item><item><title>RON, Romanian uusi leu, 17.9.2014: 4,4218</title><link>http://www.suomenpankki.fi/fi/tilastot/valuuttakurssit/Pages/tilastot_valuuttakurssit_valuuttakurssit_short_fi.aspx?params=ValueSelect,RON</link><description>EUR/RON, Euroopan keskuspankin julkaisema viitekurssi 17.9.2014: 4,4218</description><source>Euroopan keskuspankki</source><guid isPermaLink="False">20140917154716790</guid></item><item><title>RUB, Venäjän rupla, 17.9.2014: 49,7251</title><link>http://www.suomenpankki.fi/fi/tilastot/valuuttakurssit/Pages/tilastot_valuuttakurssit_valuuttakurssit_short_fi.aspx?params=ValueSelect,RUB</link><description>EUR/RUB, Euroopan keskuspankin julkaisema viitekurssi 17.9.2014: 49,7251</description><source>Euroopan keskuspankki</source><guid isPermaLink="False">20140917154716373</guid></item><item><title>TRY, Turkin liira, 17.9.2014: 2,8620</title><link>http://www.suomenpankki.fi/fi/tilastot/valuuttakurssit/Pages/tilastot_valuuttakurssit_valuuttakurssit_short_fi.aspx?params=ValueSelect,TRY</link><description>EUR/TRY, Euroopan keskuspankin julkaisema viitekurssi 17.9.2014: 2,8620</description><source>Euroopan keskuspankki</source><guid isPermaLink="False">20140917154716961</guid></item><item><title>AUD, Australian dollari, 17.9.2014: 1,4302</title><link>http://www.suomenpankki.fi/fi/tilastot/valuuttakurssit/Pages/tilastot_valuuttakurssit_valuuttakurssit_short_fi.aspx?params=ValueSelect,AUD</link><description>EUR/AUD, Euroopan keskuspankin julkaisema viitekurssi 17.9.2014: 1,4302</description><source>Euroopan keskuspankki</source><guid isPermaLink="False">20140917154716871</guid></item><item><title>CAD, Kanadan dollari, 17.9.2014: 1,4218</title><link>http://www.suomenpankki.fi/fi/tilastot/valuuttakurssit/Pages/tilastot_valuuttakurssit_valuuttakurssit_short_fi.aspx?params=ValueSelect,CAD</link><description>EUR/CAD, Euroopan keskuspankin julkaisema viitekurssi 17.9.2014: 1,4218</description><source>Euroopan keskuspankki</source><guid isPermaLink="False">2014091715471656</guid></item><item><title>CNY, Kiinan juan renminbi, 17.9.2014: 7,9546</title><link>http://www.suomenpankki.fi/fi/tilastot/valuuttakurssit/Pages/tilastot_valuuttakurssit_valuuttakurssit_short_fi.aspx?params=ValueSelect,CNY</link><description>EUR/CNY, Euroopan keskuspankin julkaisema viitekurssi 17.9.2014: 7,9546</description><source>Euroopan keskuspankki</source><guid isPermaLink="False">20140917154716949</guid></item><item><title>HKD, Hongkongin dollari, 17.9.2014: 10,0425</title><link>http://www.suomenpankki.fi/fi/tilastot/valuuttakurssit/Pages/tilastot_valuuttakurssit_valuuttakurssit_short_fi.aspx?params=ValueSelect,HKD</link><description>EUR/HKD, Euroopan keskuspankin julkaisema viitekurssi 17.9.2014: 10,0425</description><source>Euroopan keskuspankki</source><guid isPermaLink="False">20140917154716364</guid></item><item><title>IDR, Indonesian rupia, 17.9.2014: 15 505,64</title><link>http://www.suomenpankki.fi/fi/tilastot/valuuttakurssit/Pages/tilastot_valuuttakurssit_valuuttakurssit_short_fi.aspx?params=ValueSelect,IDR</link><description>EUR/IDR, Euroopan keskuspankin julkaisema viitekurssi 17.9.2014: 15 505,64</description><source>Euroopan keskuspankki</source><guid isPermaLink="False">20140917154716524</guid></item><item><title>KRW, Etelä-Korean won, 17.9.2014: 1 341,81</title><link>http://www.suomenpankki.fi/fi/tilastot/valuuttakurssit/Pages/tilastot_valuuttakurssit_valuuttakurssit_short_fi.aspx?params=ValueSelect,KRW</link><description>EUR/KRW, Euroopan keskuspankin julkaisema viitekurssi 17.9.2014: 1 341,81</description><source>Euroopan keskuspankki</source><guid isPermaLink="False">20140917154716767</guid></item><item><title>MYR, Malesian ringgit, 17.9.2014: 4,1742</title><link>http://www.suomenpankki.fi/fi/tilastot/valuuttakurssit/Pages/tilastot_valuuttakurssit_valuuttakurssit_short_fi.aspx?params=ValueSelect,MYR</link><description>EUR/MYR, Euroopan keskuspankin julkaisema viitekurssi 17.9.2014: 4,1742</description><source>Euroopan keskuspankki</source><guid isPermaLink="False">2014091715471653</guid></item><item><title>NZD, Uuden-Seelannin dollari, 17.9.2014: 1,5857</title><link>http://www.suomenpankki.fi/fi/tilastot/valuuttakurssit/Pages/tilastot_valuuttakurssit_valuuttakurssit_short_fi.aspx?params=ValueSelect,NZD</link><description>EUR/NZD, Euroopan keskuspankin julkaisema viitekurssi 17.9.2014: 1,5857</description><source>Euroopan keskuspankki</source><guid isPermaLink="False">20140917154716592</guid></item><item><title>PHP, Filippiinien peso, 17.9.2014: 57,408</title><link>http://www.suomenpankki.fi/fi/tilastot/valuuttakurssit/Pages/tilastot_valuuttakurssit_valuuttakurssit_short_fi.aspx?params=ValueSelect,PHP</link><description>EUR/PHP, Euroopan keskuspankin julkaisema viitekurssi 17.9.2014: 57,408</description><source>Euroopan keskuspankki</source><guid isPermaLink="False">20140917154716468</guid></item><item><title>SGD, Singaporen dollari, 17.9.2014: 1,6371</title><link>http://www.suomenpankki.fi/fi/tilastot/valuuttakurssit/Pages/tilastot_valuuttakurssit_valuuttakurssit_short_fi.aspx?params=ValueSelect,SGD</link><description>EUR/SGD, Euroopan keskuspankin julkaisema viitekurssi 17.9.2014: 1,6371</description><source>Euroopan keskuspankki</source><guid isPermaLink="False">20140917154716298</guid></item><item><title>THB, Thaimaan baht, 17.9.2014: 41,771</title><link>http://www.suomenpankki.fi/fi/tilastot/valuuttakurssit/Pages/tilastot_valuuttakurssit_valuuttakurssit_short_fi.aspx?params=ValueSelect,THB</link><description>EUR/THB, Euroopan keskuspankin julkaisema viitekurssi 17.9.2014: 41,771</description><source>Euroopan keskuspankki</source><guid isPermaLink="False">20140917154716622</guid></item><item><title>ZAR, Etelä-Afrikan randi, 17.9.2014: 14,1840</title><link>http://www.suomenpankki.fi/fi/tilastot/valuuttakurssit/Pages/tilastot_valuuttakurssit_valuuttakurssit_short_fi.aspx?params=ValueSelect,ZAR</link><description>EUR/ZAR, Euroopan keskuspankin julkaisema viitekurssi 17.9.2014: 14,1840</description><source>Euroopan keskuspankki</source><guid isPermaLink="False">20140917154716647</guid></item><item><title>BRL, Brasilian real, 17.9.2014: 3,0247</title><link>http://www.suomenpankki.fi/fi/tilastot/valuuttakurssit/Pages/tilastot_valuuttakurssit_valuuttakurssit_short_fi.aspx?params=ValueSelect,BRL</link><description>EUR/BRL, Euroopan keskuspankin julkaisema viitekurssi 17.9.2014: 3,0247</description><source>Euroopan keskuspankki</source><guid isPermaLink="False">20140917154716263</guid></item><item><title>INR, Intian rupia, 17.9.2014: 78,9268</title><link>http://www.suomenpankki.fi/fi/tilastot/valuuttakurssit/Pages/tilastot_valuuttakurssit_valuuttakurssit_short_fi.aspx?params=ValueSelect,INR</link><description>EUR/INR, Euroopan keskuspankin julkaisema viitekurssi 17.9.2014: 78,9268</description><source>Euroopan keskuspankki</source><guid isPermaLink="False">20140917154716279</guid></item><item><title>ILS, Israelin uusi sekeli, 17.9.2014: 4,7268</title><link>http://www.suomenpankki.fi/fi/tilastot/valuuttakurssit/Pages/tilastot_valuuttakurssit_valuuttakurssit_short_fi.aspx?params=ValueSelect,ILS</link><description>EUR/ILS, Euroopan keskuspankin julkaisema viitekurssi 17.9.2014: 4,7268</description><source>Euroopan keskuspankki</source><guid isPermaLink="False">20140917154716829</guid></item><item><title>MXN, Meksikon peso, 17.9.2014: 17,0802</title><link>http://www.suomenpankki.fi/fi/tilastot/valuuttakurssit/Pages/tilastot_valuuttakurssit_valuuttakurssit_short_fi.aspx?params=ValueSelect,MXN</link><description>EUR/MXN, Euroopan keskuspankin julkaisema viitekurssi 17.9.2014: 17,0802</description><source>Euroopan keskuspankki</source><guid isPermaLink="False">20140917154716824</guid></item></channel></rss>