<?xml version="1.0" encoding="UTF-8"?>
<project-private xmlns="http://www.netbeans.org/ns/project-private/1">
    <editor-bookmarks xmlns="http://www.netbeans.org/ns/editor-bookmarks/2" lastBookmarkId="0"/>
    <open-files xmlns="http://www.netbeans.org/ns/projectui-open-files/2">
        <group>
            <file>file:/C:/wamp/www/Santeri_Kilpi/Arkkitehtuuri/Harkat/Harjoitu9/public_html/tyyli.css</file>
            <file>file:/C:/wamp/www/Santeri_Kilpi/Arkkitehtuuri/Harkat/Harjoitu9/public_html/skripti.js</file>
            <file>file:/C:/wamp/www/Santeri_Kilpi/Arkkitehtuuri/Harkat/Harjoitu9/public_html/client.html</file>
        </group>
    </open-files>
</project-private>
