<?xml version="1.0" encoding="UTF-8"?>
<?xml-stylesheet href="luku.xsl" type="text/xml"?>
<kunnat>
  <kunta>
    <id>020</id>
    <nimi>Akaa</nimi>
    <ruotsi>Akaa</ruotsi>
    <miehia>8457</miehia>
    <naisia>8578</naisia>
    <yhteensa>17035</yhteensa>
  </kunta>
  <kunta>
    <id>005</id>
    <nimi>Alajärvi</nimi>
    <ruotsi>Alajärvi</ruotsi>
    <miehia>5144</miehia>
    <naisia>5071</naisia>
    <yhteensa>10215</yhteensa>
  </kunta>
  <kunta>
    <id>009</id>
    <nimi>Alavieska</nimi>
    <ruotsi>Alavieska</ruotsi>
    <miehia>1398</miehia>
    <naisia>1285</naisia>
    <yhteensa>2683</yhteensa>
  </kunta>
  <kunta>
    <id>010</id>
    <nimi>Alavus</nimi>
    <ruotsi>Alavus</ruotsi>
    <miehia>6134</miehia>
    <naisia>6031</naisia>
    <yhteensa>12165</yhteensa>
  </kunta>
  <kunta>
    <id>016</id>
    <nimi>Asikkala</nimi>
    <ruotsi>Asikkala</ruotsi>
    <miehia>4187</miehia>
    <naisia>4224</naisia>
    <yhteensa>8411</yhteensa>
  </kunta>
  <kunta>
    <id>018</id>
    <nimi>Askola</nimi>
    <ruotsi>Askola</ruotsi>
    <miehia>2552</miehia>
    <naisia>2518</naisia>
    <yhteensa>5070</yhteensa>
  </kunta>
  <kunta>
    <id>019</id>
    <nimi>Aura</nimi>
    <ruotsi>Aura</ruotsi>
    <miehia>1962</miehia>
    <naisia>2030</naisia>
    <yhteensa>3992</yhteensa>
  </kunta>
  <kunta>
    <id>035</id>
    <nimi>Brändö</nimi>
    <ruotsi>Brändö</ruotsi>
    <miehia>263</miehia>
    <naisia>220</naisia>
    <yhteensa>483</yhteensa>
  </kunta>
  <kunta>
    <id>043</id>
    <nimi>Eckerö</nimi>
    <ruotsi>Eckerö</ruotsi>
    <miehia>495</miehia>
    <naisia>436</naisia>
    <yhteensa>931</yhteensa>
  </kunta>
  <kunta>
    <id>046</id>
    <nimi>Enonkoski</nimi>
    <ruotsi>Enonkoski</ruotsi>
    <miehia>771</miehia>
    <naisia>739</naisia>
    <yhteensa>1510</yhteensa>
  </kunta>
  <kunta>
    <id>047</id>
    <nimi>Enontekiö</nimi>
    <ruotsi>Enontekis</ruotsi>
    <miehia>1010</miehia>
    <naisia>882</naisia>
    <yhteensa>1892</yhteensa>
  </kunta>
  <kunta>
    <id>049</id>
    <nimi>Espoo</nimi>
    <ruotsi>Esbo</ruotsi>
    <miehia>130533</miehia>
    <naisia>133506</naisia>
    <yhteensa>264039</yhteensa>
  </kunta>
  <kunta>
    <id>050</id>
    <nimi>Eura</nimi>
    <ruotsi>Eura</ruotsi>
    <miehia>6132</miehia>
    <naisia>6227</naisia>
    <yhteensa>12359</yhteensa>
  </kunta>
  <kunta>
    <id>051</id>
    <nimi>Eurajoki</nimi>
    <ruotsi>Euraåminne</ruotsi>
    <miehia>2988</miehia>
    <naisia>2940</naisia>
    <yhteensa>5928</yhteensa>
  </kunta>
  <kunta>
    <id>052</id>
    <nimi>Evijärvi</nimi>
    <ruotsi>Evijärvi</ruotsi>
    <miehia>1393</miehia>
    <naisia>1278</naisia>
    <yhteensa>2671</yhteensa>
  </kunta>
  <kunta>
    <id>060</id>
    <nimi>Finström</nimi>
    <ruotsi>Finström</ruotsi>
    <miehia>1261</miehia>
    <naisia>1278</naisia>
    <yhteensa>2539</yhteensa>
  </kunta>
  <kunta>
    <id>061</id>
    <nimi>Forssa</nimi>
    <ruotsi>Forssa</ruotsi>
    <miehia>8517</miehia>
    <naisia>9063</naisia>
    <yhteensa>17580</yhteensa>
  </kunta>
  <kunta>
    <id>062</id>
    <nimi>Föglö</nimi>
    <ruotsi>Föglö</ruotsi>
    <miehia>302</miehia>
    <naisia>269</naisia>
    <yhteensa>571</yhteensa>
  </kunta>
  <kunta>
    <id>065</id>
    <nimi>Geta</nimi>
    <ruotsi>Geta</ruotsi>
    <miehia>253</miehia>
    <naisia>242</naisia>
    <yhteensa>495</yhteensa>
  </kunta>
  <kunta>
    <id>069</id>
    <nimi>Haapajärvi</nimi>
    <ruotsi>Haapajärvi</ruotsi>
    <miehia>3854</miehia>
    <naisia>3684</naisia>
    <yhteensa>7538</yhteensa>
  </kunta>
  <kunta>
    <id>071</id>
    <nimi>Haapavesi</nimi>
    <ruotsi>Haapavesi</ruotsi>
    <miehia>3691</miehia>
    <naisia>3541</naisia>
    <yhteensa>7232</yhteensa>
  </kunta>
  <kunta>
    <id>072</id>
    <nimi>Hailuoto</nimi>
    <ruotsi>Karlö</ruotsi>
    <miehia>523</miehia>
    <naisia>482</naisia>
    <yhteensa>1005</yhteensa>
  </kunta>
  <kunta>
    <id>074</id>
    <nimi>Halsua</nimi>
    <ruotsi>Halsua</ruotsi>
    <miehia>633</miehia>
    <naisia>593</naisia>
    <yhteensa>1226</yhteensa>
  </kunta>
  <kunta>
    <id>075</id>
    <nimi>Hamina</nimi>
    <ruotsi>Fredrikshamn</ruotsi>
    <miehia>10487</miehia>
    <naisia>10701</naisia>
    <yhteensa>21188</yhteensa>
  </kunta>
  <kunta>
    <id>076</id>
    <nimi>Hammarland</nimi>
    <ruotsi>Hammarland</ruotsi>
    <miehia>783</miehia>
    <naisia>754</naisia>
    <yhteensa>1537</yhteensa>
  </kunta>
  <kunta>
    <id>077</id>
    <nimi>Hankasalmi</nimi>
    <ruotsi>Hankasalmi</ruotsi>
    <miehia>2669</miehia>
    <naisia>2673</naisia>
    <yhteensa>5342</yhteensa>
  </kunta>
  <kunta>
    <id>078</id>
    <nimi>Hanko</nimi>
    <ruotsi>Hangö</ruotsi>
    <miehia>4588</miehia>
    <naisia>4498</naisia>
    <yhteensa>9086</yhteensa>
  </kunta>
  <kunta>
    <id>079</id>
    <nimi>Harjavalta</nimi>
    <ruotsi>Harjavalta</ruotsi>
    <miehia>3594</miehia>
    <naisia>3786</naisia>
    <yhteensa>7380</yhteensa>
  </kunta>
  <kunta>
    <id>081</id>
    <nimi>Hartola</nimi>
    <ruotsi>Hartola</ruotsi>
    <miehia>1534</miehia>
    <naisia>1564</naisia>
    <yhteensa>3098</yhteensa>
  </kunta>
  <kunta>
    <id>082</id>
    <nimi>Hattula</nimi>
    <ruotsi>Hattula</ruotsi>
    <miehia>4907</miehia>
    <naisia>4836</naisia>
    <yhteensa>9743</yhteensa>
  </kunta>
  <kunta>
    <id>086</id>
    <nimi>Hausjärvi</nimi>
    <ruotsi>Hausjärvi</ruotsi>
    <miehia>4485</miehia>
    <naisia>4330</naisia>
    <yhteensa>8815</yhteensa>
  </kunta>
  <kunta>
    <id>111</id>
    <nimi>Heinola</nimi>
    <ruotsi>Heinola</ruotsi>
    <miehia>9640</miehia>
    <naisia>10141</naisia>
    <yhteensa>19781</yhteensa>
  </kunta>
  <kunta>
    <id>090</id>
    <nimi>Heinävesi</nimi>
    <ruotsi>Heinävesi</ruotsi>
    <miehia>1867</miehia>
    <naisia>1756</naisia>
    <yhteensa>3623</yhteensa>
  </kunta>
  <kunta>
    <id>091</id>
    <nimi>Helsinki</nimi>
    <ruotsi>Helsingfors</ruotsi>
    <miehia>292611</miehia>
    <naisia>327318</naisia>
    <yhteensa>619929</yhteensa>
  </kunta>
  <kunta>
    <id>097</id>
    <nimi>Hirvensalmi</nimi>
    <ruotsi>Hirvensalmi</ruotsi>
    <miehia>1174</miehia>
    <naisia>1148</naisia>
    <yhteensa>2322</yhteensa>
  </kunta>
  <kunta>
    <id>098</id>
    <nimi>Hollola</nimi>
    <ruotsi>Hollola</ruotsi>
    <miehia>10822</miehia>
    <naisia>11152</naisia>
    <yhteensa>21974</yhteensa>
  </kunta>
  <kunta>
    <id>099</id>
    <nimi>Honkajoki</nimi>
    <ruotsi>Honkajoki</ruotsi>
    <miehia>951</miehia>
    <naisia>843</naisia>
    <yhteensa>1794</yhteensa>
  </kunta>
  <kunta>
    <id>102</id>
    <nimi>Huittinen</nimi>
    <ruotsi>Huittinen</ruotsi>
    <miehia>5227</miehia>
    <naisia>5293</naisia>
    <yhteensa>10520</yhteensa>
  </kunta>
  <kunta>
    <id>103</id>
    <nimi>Humppila</nimi>
    <ruotsi>Humppila</ruotsi>
    <miehia>1249</miehia>
    <naisia>1193</naisia>
    <yhteensa>2442</yhteensa>
  </kunta>
  <kunta>
    <id>105</id>
    <nimi>Hyrynsalmi</nimi>
    <ruotsi>Hyrynsalmi</ruotsi>
    <miehia>1297</miehia>
    <naisia>1212</naisia>
    <yhteensa>2509</yhteensa>
  </kunta>
  <kunta>
    <id>106</id>
    <nimi>Hyvinkää</nimi>
    <ruotsi>Hyvinge</ruotsi>
    <miehia>22631</miehia>
    <naisia>23750</naisia>
    <yhteensa>46381</yhteensa>
  </kunta>
  <kunta>
    <id>283</id>
    <nimi>Hämeenkoski</nimi>
    <ruotsi>Hämeenkoski</ruotsi>
    <miehia>1054</miehia>
    <naisia>1042</naisia>
    <yhteensa>2096</yhteensa>
  </kunta>
  <kunta>
    <id>108</id>
    <nimi>Hämeenkyrö</nimi>
    <ruotsi>Tavastkyro</ruotsi>
    <miehia>5295</miehia>
    <naisia>5298</naisia>
    <yhteensa>10593</yhteensa>
  </kunta>
  <kunta>
    <id>109</id>
    <nimi>Hämeenlinna</nimi>
    <ruotsi>Tavastehus</ruotsi>
    <miehia>32708</miehia>
    <naisia>35157</naisia>
    <yhteensa>67865</yhteensa>
  </kunta>
  <kunta>
    <id>139</id>
    <nimi>Ii</nimi>
    <ruotsi>Ii</ruotsi>
    <miehia>5008</miehia>
    <naisia>4682</naisia>
    <yhteensa>9690</yhteensa>
  </kunta>
  <kunta>
    <id>140</id>
    <nimi>Iisalmi</nimi>
    <ruotsi>Idensalmi</ruotsi>
    <miehia>10899</miehia>
    <naisia>11263</naisia>
    <yhteensa>22162</yhteensa>
  </kunta>
  <kunta>
    <id>142</id>
    <nimi>Iitti</nimi>
    <ruotsi>Iitti</ruotsi>
    <miehia>3459</miehia>
    <naisia>3517</naisia>
    <yhteensa>6976</yhteensa>
  </kunta>
  <kunta>
    <id>143</id>
    <nimi>Ikaalinen</nimi>
    <ruotsi>Ikalis</ruotsi>
    <miehia>3627</miehia>
    <naisia>3686</naisia>
    <yhteensa>7313</yhteensa>
  </kunta>
  <kunta>
    <id>145</id>
    <nimi>Ilmajoki</nimi>
    <ruotsi>Ilmajoki</ruotsi>
    <miehia>6160</miehia>
    <naisia>6004</naisia>
    <yhteensa>12164</yhteensa>
  </kunta>
  <kunta>
    <id>146</id>
    <nimi>Ilomantsi</nimi>
    <ruotsi>Ilomants</ruotsi>
    <miehia>2799</miehia>
    <naisia>2732</naisia>
    <yhteensa>5531</yhteensa>
  </kunta>
  <kunta>
    <id>153</id>
    <nimi>Imatra</nimi>
    <ruotsi>Imatra</ruotsi>
    <miehia>13670</miehia>
    <naisia>14460</naisia>
    <yhteensa>28130</yhteensa>
  </kunta>
  <kunta>
    <id>148</id>
    <nimi>Inari</nimi>
    <ruotsi>Enare</ruotsi>
    <miehia>3556</miehia>
    <naisia>3206</naisia>
    <yhteensa>6762</yhteensa>
  </kunta>
  <kunta>
    <id>149</id>
    <nimi>Inkoo</nimi>
    <ruotsi>Ingå</ruotsi>
    <miehia>2746</miehia>
    <naisia>2837</naisia>
    <yhteensa>5583</yhteensa>
  </kunta>
  <kunta>
    <id>151</id>
    <nimi>Isojoki</nimi>
    <ruotsi>Storå</ruotsi>
    <miehia>1157</miehia>
    <naisia>1060</naisia>
    <yhteensa>2217</yhteensa>
  </kunta>
  <kunta>
    <id>152</id>
    <nimi>Isokyrö</nimi>
    <ruotsi>Storkyro</ruotsi>
    <miehia>2458</miehia>
    <naisia>2409</naisia>
    <yhteensa>4867</yhteensa>
  </kunta>
  <kunta>
    <id>164</id>
    <nimi>Jalasjärvi</nimi>
    <ruotsi>Jalasjärvi</ruotsi>
    <miehia>3965</miehia>
    <naisia>3955</naisia>
    <yhteensa>7920</yhteensa>
  </kunta>
  <kunta>
    <id>165</id>
    <nimi>Janakkala</nimi>
    <ruotsi>Janakkala</ruotsi>
    <miehia>8459</miehia>
    <naisia>8432</naisia>
    <yhteensa>16891</yhteensa>
  </kunta>
  <kunta>
    <id>167</id>
    <nimi>Joensuu</nimi>
    <ruotsi>Joensuu</ruotsi>
    <miehia>36296</miehia>
    <naisia>38337</naisia>
    <yhteensa>74633</yhteensa>
  </kunta>
  <kunta>
    <id>169</id>
    <nimi>Jokioinen</nimi>
    <ruotsi>Jockis</ruotsi>
    <miehia>2755</miehia>
    <naisia>2814</naisia>
    <yhteensa>5569</yhteensa>
  </kunta>
  <kunta>
    <id>170</id>
    <nimi>Jomala</nimi>
    <ruotsi>Jomala</ruotsi>
    <miehia>2339</miehia>
    <naisia>2213</naisia>
    <yhteensa>4552</yhteensa>
  </kunta>
  <kunta>
    <id>171</id>
    <nimi>Joroinen</nimi>
    <ruotsi>Jorois</ruotsi>
    <miehia>2606</miehia>
    <naisia>2573</naisia>
    <yhteensa>5179</yhteensa>
  </kunta>
  <kunta>
    <id>172</id>
    <nimi>Joutsa</nimi>
    <ruotsi>Joutsa</ruotsi>
    <miehia>2443</miehia>
    <naisia>2352</naisia>
    <yhteensa>4795</yhteensa>
  </kunta>
  <kunta>
    <id>174</id>
    <nimi>Juankoski</nimi>
    <ruotsi>Juankoski</ruotsi>
    <miehia>2519</miehia>
    <naisia>2422</naisia>
    <yhteensa>4941</yhteensa>
  </kunta>
  <kunta>
    <id>176</id>
    <nimi>Juuka</nimi>
    <ruotsi>Juuka</ruotsi>
    <miehia>2641</miehia>
    <naisia>2512</naisia>
    <yhteensa>5153</yhteensa>
  </kunta>
  <kunta>
    <id>177</id>
    <nimi>Juupajoki</nimi>
    <ruotsi>Juupajoki</ruotsi>
    <miehia>1039</miehia>
    <naisia>980</naisia>
    <yhteensa>2019</yhteensa>
  </kunta>
  <kunta>
    <id>178</id>
    <nimi>Juva</nimi>
    <ruotsi>Juva</ruotsi>
    <miehia>3325</miehia>
    <naisia>3296</naisia>
    <yhteensa>6621</yhteensa>
  </kunta>
  <kunta>
    <id>179</id>
    <nimi>Jyväskylä</nimi>
    <ruotsi>Jyväskylä</ruotsi>
    <miehia>65856</miehia>
    <naisia>68747</naisia>
    <yhteensa>134603</yhteensa>
  </kunta>
  <kunta>
    <id>181</id>
    <nimi>Jämijärvi</nimi>
    <ruotsi>Jämijärvi</ruotsi>
    <miehia>994</miehia>
    <naisia>992</naisia>
    <yhteensa>1986</yhteensa>
  </kunta>
  <kunta>
    <id>182</id>
    <nimi>Jämsä</nimi>
    <ruotsi>Jämsä</ruotsi>
    <miehia>10973</miehia>
    <naisia>11003</naisia>
    <yhteensa>21976</yhteensa>
  </kunta>
  <kunta>
    <id>186</id>
    <nimi>Järvenpää</nimi>
    <ruotsi>Träskända</ruotsi>
    <miehia>19572</miehia>
    <naisia>20558</naisia>
    <yhteensa>40130</yhteensa>
  </kunta>
  <kunta>
    <id>202</id>
    <nimi>Kaarina</nimi>
    <ruotsi>S:t Karins</ruotsi>
    <miehia>15676</miehia>
    <naisia>16320</naisia>
    <yhteensa>31996</yhteensa>
  </kunta>
  <kunta>
    <id>204</id>
    <nimi>Kaavi</nimi>
    <ruotsi>Kaavi</ruotsi>
    <miehia>1628</miehia>
    <naisia>1624</naisia>
    <yhteensa>3252</yhteensa>
  </kunta>
  <kunta>
    <id>205</id>
    <nimi>Kajaani</nimi>
    <ruotsi>Kajana</ruotsi>
    <miehia>18588</miehia>
    <naisia>19219</naisia>
    <yhteensa>37807</yhteensa>
  </kunta>
  <kunta>
    <id>208</id>
    <nimi>Kalajoki</nimi>
    <ruotsi>Kalajoki</ruotsi>
    <miehia>6409</miehia>
    <naisia>6250</naisia>
    <yhteensa>12659</yhteensa>
  </kunta>
  <kunta>
    <id>211</id>
    <nimi>Kangasala</nimi>
    <ruotsi>Kangasala</ruotsi>
    <miehia>15068</miehia>
    <naisia>15314</naisia>
    <yhteensa>30382</yhteensa>
  </kunta>
  <kunta>
    <id>213</id>
    <nimi>Kangasniemi</nimi>
    <ruotsi>Kangasniemi</ruotsi>
    <miehia>2887</miehia>
    <naisia>2856</naisia>
    <yhteensa>5743</yhteensa>
  </kunta>
  <kunta>
    <id>214</id>
    <nimi>Kankaanpää</nimi>
    <ruotsi>Kankaanpää</ruotsi>
    <miehia>5878</miehia>
    <naisia>6072</naisia>
    <yhteensa>11950</yhteensa>
  </kunta>
  <kunta>
    <id>216</id>
    <nimi>Kannonkoski</nimi>
    <ruotsi>Kannonkoski</ruotsi>
    <miehia>759</miehia>
    <naisia>727</naisia>
    <yhteensa>1486</yhteensa>
  </kunta>
  <kunta>
    <id>217</id>
    <nimi>Kannus</nimi>
    <ruotsi>Kannus</ruotsi>
    <miehia>2802</miehia>
    <naisia>2860</naisia>
    <yhteensa>5662</yhteensa>
  </kunta>
  <kunta>
    <id>218</id>
    <nimi>Karijoki</nimi>
    <ruotsi>Bötom</ruotsi>
    <miehia>743</miehia>
    <naisia>689</naisia>
    <yhteensa>1432</yhteensa>
  </kunta>
  <kunta>
    <id>224</id>
    <nimi>Karkkila</nimi>
    <ruotsi>Högfors</ruotsi>
    <miehia>4417</miehia>
    <naisia>4559</naisia>
    <yhteensa>8976</yhteensa>
  </kunta>
  <kunta>
    <id>226</id>
    <nimi>Karstula</nimi>
    <ruotsi>Karstula</ruotsi>
    <miehia>2141</miehia>
    <naisia>2168</naisia>
    <yhteensa>4309</yhteensa>
  </kunta>
  <kunta>
    <id>230</id>
    <nimi>Karvia</nimi>
    <ruotsi>Karvia</ruotsi>
    <miehia>1301</miehia>
    <naisia>1195</naisia>
    <yhteensa>2496</yhteensa>
  </kunta>
  <kunta>
    <id>231</id>
    <nimi>Kaskinen</nimi>
    <ruotsi>Kaskö</ruotsi>
    <miehia>676</miehia>
    <naisia>655</naisia>
    <yhteensa>1331</yhteensa>
  </kunta>
  <kunta>
    <id>232</id>
    <nimi>Kauhajoki</nimi>
    <ruotsi>Kauhajoki</ruotsi>
    <miehia>7031</miehia>
    <naisia>7017</naisia>
    <yhteensa>14048</yhteensa>
  </kunta>
  <kunta>
    <id>233</id>
    <nimi>Kauhava</nimi>
    <ruotsi>Kauhava</ruotsi>
    <miehia>8576</miehia>
    <naisia>8449</naisia>
    <yhteensa>17025</yhteensa>
  </kunta>
  <kunta>
    <id>235</id>
    <nimi>Kauniainen</nimi>
    <ruotsi>Grankulla</ruotsi>
    <miehia>4437</miehia>
    <naisia>4719</naisia>
    <yhteensa>9156</yhteensa>
  </kunta>
  <kunta>
    <id>236</id>
    <nimi>Kaustinen</nimi>
    <ruotsi>Kaustby</ruotsi>
    <miehia>2185</miehia>
    <naisia>2110</naisia>
    <yhteensa>4295</yhteensa>
  </kunta>
  <kunta>
    <id>239</id>
    <nimi>Keitele</nimi>
    <ruotsi>Keitele</ruotsi>
    <miehia>1240</miehia>
    <naisia>1160</naisia>
    <yhteensa>2400</yhteensa>
  </kunta>
  <kunta>
    <id>240</id>
    <nimi>Kemi</nimi>
    <ruotsi>Kemi</ruotsi>
    <miehia>10797</miehia>
    <naisia>11138</naisia>
    <yhteensa>21935</yhteensa>
  </kunta>
  <kunta>
    <id>320</id>
    <nimi>Kemijärvi</nimi>
    <ruotsi>Kemijärvi</ruotsi>
    <miehia>3973</miehia>
    <naisia>3945</naisia>
    <yhteensa>7918</yhteensa>
  </kunta>
  <kunta>
    <id>241</id>
    <nimi>Keminmaa</nimi>
    <ruotsi>Keminmaa</ruotsi>
    <miehia>4339</miehia>
    <naisia>4202</naisia>
    <yhteensa>8541</yhteensa>
  </kunta>
  <kunta>
    <id>322</id>
    <nimi>Kemiönsaari</nimi>
    <ruotsi>Kimitoön</ruotsi>
    <miehia>3483</miehia>
    <naisia>3494</naisia>
    <yhteensa>6977</yhteensa>
  </kunta>
  <kunta>
    <id>244</id>
    <nimi>Kempele</nimi>
    <ruotsi>Kempele</ruotsi>
    <miehia>8374</miehia>
    <naisia>8464</naisia>
    <yhteensa>16838</yhteensa>
  </kunta>
  <kunta>
    <id>245</id>
    <nimi>Kerava</nimi>
    <ruotsi>Kervo</ruotsi>
    <miehia>17217</miehia>
    <naisia>18023</naisia>
    <yhteensa>35240</yhteensa>
  </kunta>
  <kunta>
    <id>249</id>
    <nimi>Keuruu</nimi>
    <ruotsi>Keuruu</ruotsi>
    <miehia>4991</miehia>
    <naisia>5255</naisia>
    <yhteensa>10246</yhteensa>
  </kunta>
  <kunta>
    <id>250</id>
    <nimi>Kihniö</nimi>
    <ruotsi>Kihniö</ruotsi>
    <miehia>1065</miehia>
    <naisia>1027</naisia>
    <yhteensa>2092</yhteensa>
  </kunta>
  <kunta>
    <id>256</id>
    <nimi>Kinnula</nimi>
    <ruotsi>Kinnula</ruotsi>
    <miehia>957</miehia>
    <naisia>806</naisia>
    <yhteensa>1763</yhteensa>
  </kunta>
  <kunta>
    <id>257</id>
    <nimi>Kirkkonummi</nimi>
    <ruotsi>Kyrkslätt</ruotsi>
    <miehia>19033</miehia>
    <naisia>19169</naisia>
    <yhteensa>38202</yhteensa>
  </kunta>
  <kunta>
    <id>260</id>
    <nimi>Kitee</nimi>
    <ruotsi>Kitee</ruotsi>
    <miehia>5508</miehia>
    <naisia>5571</naisia>
    <yhteensa>11079</yhteensa>
  </kunta>
  <kunta>
    <id>261</id>
    <nimi>Kittilä</nimi>
    <ruotsi>Kittilä</ruotsi>
    <miehia>3227</miehia>
    <naisia>3170</naisia>
    <yhteensa>6397</yhteensa>
  </kunta>
  <kunta>
    <id>263</id>
    <nimi>Kiuruvesi</nimi>
    <ruotsi>Kiuruvesi</ruotsi>
    <miehia>4414</miehia>
    <naisia>4407</naisia>
    <yhteensa>8821</yhteensa>
  </kunta>
  <kunta>
    <id>265</id>
    <nimi>Kivijärvi</nimi>
    <ruotsi>Kivijärvi</ruotsi>
    <miehia>662</miehia>
    <naisia>596</naisia>
    <yhteensa>1258</yhteensa>
  </kunta>
  <kunta>
    <id>271</id>
    <nimi>Kokemäki</nimi>
    <ruotsi>Kumo</ruotsi>
    <miehia>3817</miehia>
    <naisia>3913</naisia>
    <yhteensa>7730</yhteensa>
  </kunta>
  <kunta>
    <id>272</id>
    <nimi>Kokkola</nimi>
    <ruotsi>Karleby</ruotsi>
    <miehia>23225</miehia>
    <naisia>23962</naisia>
    <yhteensa>47187</yhteensa>
  </kunta>
  <kunta>
    <id>273</id>
    <nimi>Kolari</nimi>
    <ruotsi>Kolari</ruotsi>
    <miehia>1974</miehia>
    <naisia>1872</naisia>
    <yhteensa>3846</yhteensa>
  </kunta>
  <kunta>
    <id>275</id>
    <nimi>Konnevesi</nimi>
    <ruotsi>Konnevesi</ruotsi>
    <miehia>1464</miehia>
    <naisia>1399</naisia>
    <yhteensa>2863</yhteensa>
  </kunta>
  <kunta>
    <id>276</id>
    <nimi>Kontiolahti</nimi>
    <ruotsi>Kontiolahti</ruotsi>
    <miehia>7390</miehia>
    <naisia>7186</naisia>
    <yhteensa>14576</yhteensa>
  </kunta>
  <kunta>
    <id>280</id>
    <nimi>Korsnäs</nimi>
    <ruotsi>Korsnäs</ruotsi>
    <miehia>1159</miehia>
    <naisia>1067</naisia>
    <yhteensa>2226</yhteensa>
  </kunta>
  <kunta>
    <id>284</id>
    <nimi>Koski Tl</nimi>
    <ruotsi>Koski Åbo l</ruotsi>
    <miehia>1211</miehia>
    <naisia>1240</naisia>
    <yhteensa>2451</yhteensa>
  </kunta>
  <kunta>
    <id>285</id>
    <nimi>Kotka</nimi>
    <ruotsi>Kotka</ruotsi>
    <miehia>26914</miehia>
    <naisia>27718</naisia>
    <yhteensa>54632</yhteensa>
  </kunta>
  <kunta>
    <id>286</id>
    <nimi>Kouvola</nimi>
    <ruotsi>Kouvola</ruotsi>
    <miehia>42517</miehia>
    <naisia>44186</naisia>
    <yhteensa>86703</yhteensa>
  </kunta>
  <kunta>
    <id>287</id>
    <nimi>Kristiinankaupunki</nimi>
    <ruotsi>Kristinestad</ruotsi>
    <miehia>3464</miehia>
    <naisia>3447</naisia>
    <yhteensa>6911</yhteensa>
  </kunta>
  <kunta>
    <id>288</id>
    <nimi>Kruunupyy</nimi>
    <ruotsi>Kronoby</ruotsi>
    <miehia>3342</miehia>
    <naisia>3335</naisia>
    <yhteensa>6677</yhteensa>
  </kunta>
  <kunta>
    <id>290</id>
    <nimi>Kuhmo</nimi>
    <ruotsi>Kuhmo</ruotsi>
    <miehia>4659</miehia>
    <naisia>4352</naisia>
    <yhteensa>9011</yhteensa>
  </kunta>
  <kunta>
    <id>291</id>
    <nimi>Kuhmoinen</nimi>
    <ruotsi>Kuhmoinen</ruotsi>
    <miehia>1166</miehia>
    <naisia>1218</naisia>
    <yhteensa>2384</yhteensa>
  </kunta>
  <kunta>
    <id>295</id>
    <nimi>Kumlinge</nimi>
    <ruotsi>Kumlinge</ruotsi>
    <miehia>176</miehia>
    <naisia>155</naisia>
    <yhteensa>331</yhteensa>
  </kunta>
  <kunta>
    <id>297</id>
    <nimi>Kuopio</nimi>
    <ruotsi>Kuopio</ruotsi>
    <miehia>51810</miehia>
    <naisia>55181</naisia>
    <yhteensa>106991</yhteensa>
  </kunta>
  <kunta>
    <id>300</id>
    <nimi>Kuortane</nimi>
    <ruotsi>Kuortane</ruotsi>
    <miehia>1940</miehia>
    <naisia>1841</naisia>
    <yhteensa>3781</yhteensa>
  </kunta>
  <kunta>
    <id>301</id>
    <nimi>Kurikka</nimi>
    <ruotsi>Kurikka</ruotsi>
    <miehia>7106</miehia>
    <naisia>7099</naisia>
    <yhteensa>14205</yhteensa>
  </kunta>
  <kunta>
    <id>304</id>
    <nimi>Kustavi</nimi>
    <ruotsi>Gustavs</ruotsi>
    <miehia>450</miehia>
    <naisia>431</naisia>
    <yhteensa>881</yhteensa>
  </kunta>
  <kunta>
    <id>305</id>
    <nimi>Kuusamo</nimi>
    <ruotsi>Kuusamo</ruotsi>
    <miehia>8039</miehia>
    <naisia>7807</naisia>
    <yhteensa>15846</yhteensa>
  </kunta>
  <kunta>
    <id>312</id>
    <nimi>Kyyjärvi</nimi>
    <ruotsi>Kyyjärvi</ruotsi>
    <miehia>711</miehia>
    <naisia>694</naisia>
    <yhteensa>1405</yhteensa>
  </kunta>
  <kunta>
    <id>316</id>
    <nimi>Kärkölä</nimi>
    <ruotsi>Kärkölä</ruotsi>
    <miehia>2362</miehia>
    <naisia>2326</naisia>
    <yhteensa>4688</yhteensa>
  </kunta>
  <kunta>
    <id>317</id>
    <nimi>Kärsämäki</nimi>
    <ruotsi>Kärsämäki</ruotsi>
    <miehia>1391</miehia>
    <naisia>1309</naisia>
    <yhteensa>2700</yhteensa>
  </kunta>
  <kunta>
    <id>318</id>
    <nimi>Kökar</nimi>
    <ruotsi>Kökar</ruotsi>
    <miehia>139</miehia>
    <naisia>113</naisia>
    <yhteensa>252</yhteensa>
  </kunta>
  <kunta>
    <id>319</id>
    <nimi>Köyliö</nimi>
    <ruotsi>Kjulo</ruotsi>
    <miehia>1365</miehia>
    <naisia>1304</naisia>
    <yhteensa>2669</yhteensa>
  </kunta>
  <kunta>
    <id>398</id>
    <nimi>Lahti</nimi>
    <ruotsi>Lahtis</ruotsi>
    <miehia>49331</miehia>
    <naisia>54352</naisia>
    <yhteensa>103683</yhteensa>
  </kunta>
  <kunta>
    <id>399</id>
    <nimi>Laihia</nimi>
    <ruotsi>Laihela</ruotsi>
    <miehia>4050</miehia>
    <naisia>4019</naisia>
    <yhteensa>8069</yhteensa>
  </kunta>
  <kunta>
    <id>400</id>
    <nimi>Laitila</nimi>
    <ruotsi>Laitila</ruotsi>
    <miehia>4206</miehia>
    <naisia>4309</naisia>
    <yhteensa>8515</yhteensa>
  </kunta>
  <kunta>
    <id>407</id>
    <nimi>Lapinjärvi</nimi>
    <ruotsi>Lappträsk</ruotsi>
    <miehia>1399</miehia>
    <naisia>1394</naisia>
    <yhteensa>2793</yhteensa>
  </kunta>
  <kunta>
    <id>402</id>
    <nimi>Lapinlahti</nimi>
    <ruotsi>Lapinlahti</ruotsi>
    <miehia>5117</miehia>
    <naisia>5020</naisia>
    <yhteensa>10137</yhteensa>
  </kunta>
  <kunta>
    <id>403</id>
    <nimi>Lappajärvi</nimi>
    <ruotsi>Lappajärvi</ruotsi>
    <miehia>1636</miehia>
    <naisia>1663</naisia>
    <yhteensa>3299</yhteensa>
  </kunta>
  <kunta>
    <id>405</id>
    <nimi>Lappeenranta</nimi>
    <ruotsi>Villmanstrand</ruotsi>
    <miehia>35753</miehia>
    <naisia>36787</naisia>
    <yhteensa>72540</yhteensa>
  </kunta>
  <kunta>
    <id>408</id>
    <nimi>Lapua</nimi>
    <ruotsi>Lappo</ruotsi>
    <miehia>7288</miehia>
    <naisia>7442</naisia>
    <yhteensa>14730</yhteensa>
  </kunta>
  <kunta>
    <id>410</id>
    <nimi>Laukaa</nimi>
    <ruotsi>Laukaa</ruotsi>
    <miehia>9407</miehia>
    <naisia>9296</naisia>
    <yhteensa>18703</yhteensa>
  </kunta>
  <kunta>
    <id>413</id>
    <nimi>Lavia</nimi>
    <ruotsi>Lavia</ruotsi>
    <miehia>955</miehia>
    <naisia>944</naisia>
    <yhteensa>1899</yhteensa>
  </kunta>
  <kunta>
    <id>416</id>
    <nimi>Lemi</nimi>
    <ruotsi>Lemi</ruotsi>
    <miehia>1647</miehia>
    <naisia>1479</naisia>
    <yhteensa>3126</yhteensa>
  </kunta>
  <kunta>
    <id>417</id>
    <nimi>Lemland</nimi>
    <ruotsi>Lemland</ruotsi>
    <miehia>995</miehia>
    <naisia>954</naisia>
    <yhteensa>1949</yhteensa>
  </kunta>
  <kunta>
    <id>418</id>
    <nimi>Lempäälä</nimi>
    <ruotsi>Lempäälä</ruotsi>
    <miehia>11051</miehia>
    <naisia>11133</naisia>
    <yhteensa>22184</yhteensa>
  </kunta>
  <kunta>
    <id>420</id>
    <nimi>Leppävirta</nimi>
    <ruotsi>Leppävirta</ruotsi>
    <miehia>5098</miehia>
    <naisia>4982</naisia>
    <yhteensa>10080</yhteensa>
  </kunta>
  <kunta>
    <id>421</id>
    <nimi>Lestijärvi</nimi>
    <ruotsi>Lestijärvi</ruotsi>
    <miehia>412</miehia>
    <naisia>399</naisia>
    <yhteensa>811</yhteensa>
  </kunta>
  <kunta>
    <id>422</id>
    <nimi>Lieksa</nimi>
    <ruotsi>Lieksa</ruotsi>
    <miehia>6209</miehia>
    <naisia>5963</naisia>
    <yhteensa>12172</yhteensa>
  </kunta>
  <kunta>
    <id>423</id>
    <nimi>Lieto</nimi>
    <ruotsi>Lundo</ruotsi>
    <miehia>8573</miehia>
    <naisia>8614</naisia>
    <yhteensa>17187</yhteensa>
  </kunta>
  <kunta>
    <id>425</id>
    <nimi>Liminka</nimi>
    <ruotsi>Limingo</ruotsi>
    <miehia>4963</miehia>
    <naisia>4752</naisia>
    <yhteensa>9715</yhteensa>
  </kunta>
  <kunta>
    <id>426</id>
    <nimi>Liperi</nimi>
    <ruotsi>Liperi</ruotsi>
    <miehia>6271</miehia>
    <naisia>6136</naisia>
    <yhteensa>12407</yhteensa>
  </kunta>
  <kunta>
    <id>444</id>
    <nimi>Lohja</nimi>
    <ruotsi>Lojo</ruotsi>
    <miehia>23529</miehia>
    <naisia>24241</naisia>
    <yhteensa>47770</yhteensa>
  </kunta>
  <kunta>
    <id>430</id>
    <nimi>Loimaa</nimi>
    <ruotsi>Loimaa</ruotsi>
    <miehia>8225</miehia>
    <naisia>8473</naisia>
    <yhteensa>16698</yhteensa>
  </kunta>
  <kunta>
    <id>433</id>
    <nimi>Loppi</nimi>
    <ruotsi>Loppi</ruotsi>
    <miehia>4283</miehia>
    <naisia>4040</naisia>
    <yhteensa>8323</yhteensa>
  </kunta>
  <kunta>
    <id>434</id>
    <nimi>Loviisa</nimi>
    <ruotsi>Lovisa</ruotsi>
    <miehia>7735</miehia>
    <naisia>7754</naisia>
    <yhteensa>15489</yhteensa>
  </kunta>
  <kunta>
    <id>435</id>
    <nimi>Luhanka</nimi>
    <ruotsi>Luhanka</ruotsi>
    <miehia>410</miehia>
    <naisia>357</naisia>
    <yhteensa>767</yhteensa>
  </kunta>
  <kunta>
    <id>436</id>
    <nimi>Lumijoki</nimi>
    <ruotsi>Lumijoki</ruotsi>
    <miehia>1066</miehia>
    <naisia>1004</naisia>
    <yhteensa>2070</yhteensa>
  </kunta>
  <kunta>
    <id>438</id>
    <nimi>Lumparland</nimi>
    <ruotsi>Lumparland</ruotsi>
    <miehia>217</miehia>
    <naisia>199</naisia>
    <yhteensa>416</yhteensa>
  </kunta>
  <kunta>
    <id>440</id>
    <nimi>Luoto</nimi>
    <ruotsi>Larsmo</ruotsi>
    <miehia>2620</miehia>
    <naisia>2487</naisia>
    <yhteensa>5107</yhteensa>
  </kunta>
  <kunta>
    <id>441</id>
    <nimi>Luumäki</nimi>
    <ruotsi>Luumäki</ruotsi>
    <miehia>2521</miehia>
    <naisia>2457</naisia>
    <yhteensa>4978</yhteensa>
  </kunta>
  <kunta>
    <id>442</id>
    <nimi>Luvia</nimi>
    <ruotsi>Luvia</ruotsi>
    <miehia>1700</miehia>
    <naisia>1654</naisia>
    <yhteensa>3354</yhteensa>
  </kunta>
  <kunta>
    <id>475</id>
    <nimi>Maalahti</nimi>
    <ruotsi>Malax</ruotsi>
    <miehia>2841</miehia>
    <naisia>2737</naisia>
    <yhteensa>5578</yhteensa>
  </kunta>
  <kunta>
    <id>476</id>
    <nimi>Maaninka</nimi>
    <ruotsi>Maaninka</ruotsi>
    <miehia>1926</miehia>
    <naisia>1842</naisia>
    <yhteensa>3768</yhteensa>
  </kunta>
  <kunta>
    <id>478</id>
    <nimi>Maarianhamina</nimi>
    <ruotsi>Mariehamn</ruotsi>
    <miehia>5523</miehia>
    <naisia>6018</naisia>
    <yhteensa>11541</yhteensa>
  </kunta>
  <kunta>
    <id>480</id>
    <nimi>Marttila</nimi>
    <ruotsi>Marttila</ruotsi>
    <miehia>1043</miehia>
    <naisia>1013</naisia>
    <yhteensa>2056</yhteensa>
  </kunta>
  <kunta>
    <id>481</id>
    <nimi>Masku</nimi>
    <ruotsi>Masku</ruotsi>
    <miehia>4899</miehia>
    <naisia>4821</naisia>
    <yhteensa>9720</yhteensa>
  </kunta>
  <kunta>
    <id>483</id>
    <nimi>Merijärvi</nimi>
    <ruotsi>Merijärvi</ruotsi>
    <miehia>637</miehia>
    <naisia>523</naisia>
    <yhteensa>1160</yhteensa>
  </kunta>
  <kunta>
    <id>484</id>
    <nimi>Merikarvia</nimi>
    <ruotsi>Sastmola</ruotsi>
    <miehia>1612</miehia>
    <naisia>1629</naisia>
    <yhteensa>3241</yhteensa>
  </kunta>
  <kunta>
    <id>489</id>
    <nimi>Miehikkälä</nimi>
    <ruotsi>Miehikkälä</ruotsi>
    <miehia>1087</miehia>
    <naisia>1047</naisia>
    <yhteensa>2134</yhteensa>
  </kunta>
  <kunta>
    <id>491</id>
    <nimi>Mikkeli</nimi>
    <ruotsi>S:t Michel</ruotsi>
    <miehia>26624</miehia>
    <naisia>28038</naisia>
    <yhteensa>54662</yhteensa>
  </kunta>
  <kunta>
    <id>494</id>
    <nimi>Muhos</nimi>
    <ruotsi>Muhos</ruotsi>
    <miehia>4569</miehia>
    <naisia>4431</naisia>
    <yhteensa>9000</yhteensa>
  </kunta>
  <kunta>
    <id>495</id>
    <nimi>Multia</nimi>
    <ruotsi>Multia</ruotsi>
    <miehia>935</miehia>
    <naisia>860</naisia>
    <yhteensa>1795</yhteensa>
  </kunta>
  <kunta>
    <id>498</id>
    <nimi>Muonio</nimi>
    <ruotsi>Muonio</ruotsi>
    <miehia>1173</miehia>
    <naisia>1166</naisia>
    <yhteensa>2339</yhteensa>
  </kunta>
  <kunta>
    <id>499</id>
    <nimi>Mustasaari</nimi>
    <ruotsi>Korsholm</ruotsi>
    <miehia>9671</miehia>
    <naisia>9583</naisia>
    <yhteensa>19254</yhteensa>
  </kunta>
  <kunta>
    <id>500</id>
    <nimi>Muurame</nimi>
    <ruotsi>Muurame</ruotsi>
    <miehia>4879</miehia>
    <naisia>4808</naisia>
    <yhteensa>9687</yhteensa>
  </kunta>
  <kunta>
    <id>503</id>
    <nimi>Mynämäki</nimi>
    <ruotsi>Mynämäki</ruotsi>
    <miehia>3970</miehia>
    <naisia>3973</naisia>
    <yhteensa>7943</yhteensa>
  </kunta>
  <kunta>
    <id>504</id>
    <nimi>Myrskylä</nimi>
    <ruotsi>Mörskom</ruotsi>
    <miehia>989</miehia>
    <naisia>1012</naisia>
    <yhteensa>2001</yhteensa>
  </kunta>
  <kunta>
    <id>505</id>
    <nimi>Mäntsälä</nimi>
    <ruotsi>Mäntsälä</ruotsi>
    <miehia>10212</miehia>
    <naisia>10403</naisia>
    <yhteensa>20615</yhteensa>
  </kunta>
  <kunta>
    <id>508</id>
    <nimi>Mänttä-Vilppula</nimi>
    <ruotsi>Mänttä-Vilppula</ruotsi>
    <miehia>5288</miehia>
    <naisia>5520</naisia>
    <yhteensa>10808</yhteensa>
  </kunta>
  <kunta>
    <id>507</id>
    <nimi>Mäntyharju</nimi>
    <ruotsi>Mäntyharju</ruotsi>
    <miehia>3079</miehia>
    <naisia>3165</naisia>
    <yhteensa>6244</yhteensa>
  </kunta>
  <kunta>
    <id>529</id>
    <nimi>Naantali</nimi>
    <ruotsi>Nådendal</ruotsi>
    <miehia>9157</miehia>
    <naisia>9723</naisia>
    <yhteensa>18880</yhteensa>
  </kunta>
  <kunta>
    <id>531</id>
    <nimi>Nakkila</nimi>
    <ruotsi>Nakkila</ruotsi>
    <miehia>2821</miehia>
    <naisia>2852</naisia>
    <yhteensa>5673</yhteensa>
  </kunta>
  <kunta>
    <id>532</id>
    <nimi>Nastola</nimi>
    <ruotsi>Nastola</ruotsi>
    <miehia>7516</miehia>
    <naisia>7431</naisia>
    <yhteensa>14947</yhteensa>
  </kunta>
  <kunta>
    <id>535</id>
    <nimi>Nivala</nimi>
    <ruotsi>Nivala</ruotsi>
    <miehia>5609</miehia>
    <naisia>5373</naisia>
    <yhteensa>10982</yhteensa>
  </kunta>
  <kunta>
    <id>536</id>
    <nimi>Nokia</nimi>
    <ruotsi>Nokia</ruotsi>
    <miehia>16263</miehia>
    <naisia>16560</naisia>
    <yhteensa>32823</yhteensa>
  </kunta>
  <kunta>
    <id>538</id>
    <nimi>Nousiainen</nimi>
    <ruotsi>Nousis</ruotsi>
    <miehia>2475</miehia>
    <naisia>2361</naisia>
    <yhteensa>4836</yhteensa>
  </kunta>
  <kunta>
    <id>541</id>
    <nimi>Nurmes</nimi>
    <ruotsi>Nurmes</ruotsi>
    <miehia>4096</miehia>
    <naisia>4033</naisia>
    <yhteensa>8129</yhteensa>
  </kunta>
  <kunta>
    <id>543</id>
    <nimi>Nurmijärvi</nimi>
    <ruotsi>Nurmijärvi</ruotsi>
    <miehia>20637</miehia>
    <naisia>20822</naisia>
    <yhteensa>41459</yhteensa>
  </kunta>
  <kunta>
    <id>545</id>
    <nimi>Närpiö</nimi>
    <ruotsi>Närpes</ruotsi>
    <miehia>4744</miehia>
    <naisia>4623</naisia>
    <yhteensa>9367</yhteensa>
  </kunta>
  <kunta>
    <id>560</id>
    <nimi>Orimattila</nimi>
    <ruotsi>Orimattila</ruotsi>
    <miehia>8096</miehia>
    <naisia>8261</naisia>
    <yhteensa>16357</yhteensa>
  </kunta>
  <kunta>
    <id>561</id>
    <nimi>Oripää</nimi>
    <ruotsi>Oripää</ruotsi>
    <miehia>704</miehia>
    <naisia>706</naisia>
    <yhteensa>1410</yhteensa>
  </kunta>
  <kunta>
    <id>562</id>
    <nimi>Orivesi</nimi>
    <ruotsi>Orivesi</ruotsi>
    <miehia>4730</miehia>
    <naisia>4883</naisia>
    <yhteensa>9613</yhteensa>
  </kunta>
  <kunta>
    <id>563</id>
    <nimi>Oulainen</nimi>
    <ruotsi>Oulainen</ruotsi>
    <miehia>3791</miehia>
    <naisia>3972</naisia>
    <yhteensa>7763</yhteensa>
  </kunta>
  <kunta>
    <id>564</id>
    <nimi>Oulu</nimi>
    <ruotsi>Uleåborg</ruotsi>
    <miehia>97112</miehia>
    <naisia>98175</naisia>
    <yhteensa>195287</yhteensa>
  </kunta>
  <kunta>
    <id>309</id>
    <nimi>Outokumpu</nimi>
    <ruotsi>Outokumpu</ruotsi>
    <miehia>3584</miehia>
    <naisia>3621</naisia>
    <yhteensa>7205</yhteensa>
  </kunta>
  <kunta>
    <id>576</id>
    <nimi>Padasjoki</nimi>
    <ruotsi>Padasjoki</ruotsi>
    <miehia>1623</miehia>
    <naisia>1611</naisia>
    <yhteensa>3234</yhteensa>
  </kunta>
  <kunta>
    <id>577</id>
    <nimi>Paimio</nimi>
    <ruotsi>Pemar</ruotsi>
    <miehia>5262</miehia>
    <naisia>5378</naisia>
    <yhteensa>10640</yhteensa>
  </kunta>
  <kunta>
    <id>578</id>
    <nimi>Paltamo</nimi>
    <ruotsi>Paltamo</ruotsi>
    <miehia>1858</miehia>
    <naisia>1745</naisia>
    <yhteensa>3603</yhteensa>
  </kunta>
  <kunta>
    <id>445</id>
    <nimi>Parainen</nimi>
    <ruotsi>Pargas</ruotsi>
    <miehia>7691</miehia>
    <naisia>7822</naisia>
    <yhteensa>15513</yhteensa>
  </kunta>
  <kunta>
    <id>580</id>
    <nimi>Parikkala</nimi>
    <ruotsi>Parikkala</ruotsi>
    <miehia>2750</miehia>
    <naisia>2698</naisia>
    <yhteensa>5448</yhteensa>
  </kunta>
  <kunta>
    <id>581</id>
    <nimi>Parkano</nimi>
    <ruotsi>Parkano</ruotsi>
    <miehia>3454</miehia>
    <naisia>3363</naisia>
    <yhteensa>6817</yhteensa>
  </kunta>
  <kunta>
    <id>599</id>
    <nimi>Pedersören kunta</nimi>
    <ruotsi>Pedersöre</ruotsi>
    <miehia>5674</miehia>
    <naisia>5342</naisia>
    <yhteensa>11016</yhteensa>
  </kunta>
  <kunta>
    <id>583</id>
    <nimi>Pelkosenniemi</nimi>
    <ruotsi>Pelkosenniemi</ruotsi>
    <miehia>529</miehia>
    <naisia>423</naisia>
    <yhteensa>952</yhteensa>
  </kunta>
  <kunta>
    <id>854</id>
    <nimi>Pello</nimi>
    <ruotsi>Pello</ruotsi>
    <miehia>1893</miehia>
    <naisia>1811</naisia>
    <yhteensa>3704</yhteensa>
  </kunta>
  <kunta>
    <id>584</id>
    <nimi>Perho</nimi>
    <ruotsi>Perho</ruotsi>
    <miehia>1483</miehia>
    <naisia>1443</naisia>
    <yhteensa>2926</yhteensa>
  </kunta>
  <kunta>
    <id>588</id>
    <nimi>Pertunmaa</nimi>
    <ruotsi>Pertunmaa</ruotsi>
    <miehia>945</miehia>
    <naisia>900</naisia>
    <yhteensa>1845</yhteensa>
  </kunta>
  <kunta>
    <id>592</id>
    <nimi>Petäjävesi</nimi>
    <ruotsi>Petäjävesi</ruotsi>
    <miehia>2082</miehia>
    <naisia>2040</naisia>
    <yhteensa>4122</yhteensa>
  </kunta>
  <kunta>
    <id>593</id>
    <nimi>Pieksämäki</nimi>
    <ruotsi>Pieksämäki</ruotsi>
    <miehia>9417</miehia>
    <naisia>9752</naisia>
    <yhteensa>19169</yhteensa>
  </kunta>
  <kunta>
    <id>595</id>
    <nimi>Pielavesi</nimi>
    <ruotsi>Pielavesi</ruotsi>
    <miehia>2469</miehia>
    <naisia>2342</naisia>
    <yhteensa>4811</yhteensa>
  </kunta>
  <kunta>
    <id>598</id>
    <nimi>Pietarsaari</nimi>
    <ruotsi>Jakobstad</ruotsi>
    <miehia>9747</miehia>
    <naisia>9914</naisia>
    <yhteensa>19661</yhteensa>
  </kunta>
  <kunta>
    <id>601</id>
    <nimi>Pihtipudas</nimi>
    <ruotsi>Pihtipudas</ruotsi>
    <miehia>2132</miehia>
    <naisia>2182</naisia>
    <yhteensa>4314</yhteensa>
  </kunta>
  <kunta>
    <id>604</id>
    <nimi>Pirkkala</nimi>
    <ruotsi>Birkala</ruotsi>
    <miehia>9162</miehia>
    <naisia>9351</naisia>
    <yhteensa>18513</yhteensa>
  </kunta>
  <kunta>
    <id>607</id>
    <nimi>Polvijärvi</nimi>
    <ruotsi>Polvijärvi</ruotsi>
    <miehia>2354</miehia>
    <naisia>2261</naisia>
    <yhteensa>4615</yhteensa>
  </kunta>
  <kunta>
    <id>608</id>
    <nimi>Pomarkku</nimi>
    <ruotsi>Påmark</ruotsi>
    <miehia>1177</miehia>
    <naisia>1123</naisia>
    <yhteensa>2300</yhteensa>
  </kunta>
  <kunta>
    <id>609</id>
    <nimi>Pori</nimi>
    <ruotsi>Björneborg</ruotsi>
    <miehia>40526</miehia>
    <naisia>43006</naisia>
    <yhteensa>83532</yhteensa>
  </kunta>
  <kunta>
    <id>611</id>
    <nimi>Pornainen</nimi>
    <ruotsi>Borgnäs</ruotsi>
    <miehia>2609</miehia>
    <naisia>2553</naisia>
    <yhteensa>5162</yhteensa>
  </kunta>
  <kunta>
    <id>638</id>
    <nimi>Porvoo</nimi>
    <ruotsi>Borgå</ruotsi>
    <miehia>24439</miehia>
    <naisia>25292</naisia>
    <yhteensa>49731</yhteensa>
  </kunta>
  <kunta>
    <id>614</id>
    <nimi>Posio</nimi>
    <ruotsi>Posio</ruotsi>
    <miehia>1900</miehia>
    <naisia>1741</naisia>
    <yhteensa>3641</yhteensa>
  </kunta>
  <kunta>
    <id>615</id>
    <nimi>Pudasjärvi</nimi>
    <ruotsi>Pudasjärvi</ruotsi>
    <miehia>4428</miehia>
    <naisia>4019</naisia>
    <yhteensa>8447</yhteensa>
  </kunta>
  <kunta>
    <id>616</id>
    <nimi>Pukkila</nimi>
    <ruotsi>Pukkila</ruotsi>
    <miehia>1010</miehia>
    <naisia>1004</naisia>
    <yhteensa>2014</yhteensa>
  </kunta>
  <kunta>
    <id>619</id>
    <nimi>Punkalaidun</nimi>
    <ruotsi>Punkalaidun</ruotsi>
    <miehia>1602</miehia>
    <naisia>1535</naisia>
    <yhteensa>3137</yhteensa>
  </kunta>
  <kunta>
    <id>620</id>
    <nimi>Puolanka</nimi>
    <ruotsi>Puolanka</ruotsi>
    <miehia>1474</miehia>
    <naisia>1378</naisia>
    <yhteensa>2852</yhteensa>
  </kunta>
  <kunta>
    <id>623</id>
    <nimi>Puumala</nimi>
    <ruotsi>Puumala</ruotsi>
    <miehia>1185</miehia>
    <naisia>1137</naisia>
    <yhteensa>2322</yhteensa>
  </kunta>
  <kunta>
    <id>624</id>
    <nimi>Pyhtää</nimi>
    <ruotsi>Pyttis</ruotsi>
    <miehia>2686</miehia>
    <naisia>2684</naisia>
    <yhteensa>5370</yhteensa>
  </kunta>
  <kunta>
    <id>625</id>
    <nimi>Pyhäjoki</nimi>
    <ruotsi>Pyhäjoki</ruotsi>
    <miehia>1716</miehia>
    <naisia>1606</naisia>
    <yhteensa>3322</yhteensa>
  </kunta>
  <kunta>
    <id>626</id>
    <nimi>Pyhäjärvi</nimi>
    <ruotsi>Pyhäjärvi</ruotsi>
    <miehia>2836</miehia>
    <naisia>2793</naisia>
    <yhteensa>5629</yhteensa>
  </kunta>
  <kunta>
    <id>630</id>
    <nimi>Pyhäntä</nimi>
    <ruotsi>Pyhäntä</ruotsi>
    <miehia>810</miehia>
    <naisia>749</naisia>
    <yhteensa>1559</yhteensa>
  </kunta>
  <kunta>
    <id>631</id>
    <nimi>Pyhäranta</nimi>
    <ruotsi>Pyhäranta</ruotsi>
    <miehia>1105</miehia>
    <naisia>1063</naisia>
    <yhteensa>2168</yhteensa>
  </kunta>
  <kunta>
    <id>635</id>
    <nimi>Pälkäne</nimi>
    <ruotsi>Pälkäne</ruotsi>
    <miehia>3401</miehia>
    <naisia>3376</naisia>
    <yhteensa>6777</yhteensa>
  </kunta>
  <kunta>
    <id>636</id>
    <nimi>Pöytyä</nimi>
    <ruotsi>Pöytyä</ruotsi>
    <miehia>4408</miehia>
    <naisia>4198</naisia>
    <yhteensa>8606</yhteensa>
  </kunta>
  <kunta>
    <id>678</id>
    <nimi>Raahe</nimi>
    <ruotsi>Brahestad</ruotsi>
    <miehia>12957</miehia>
    <naisia>12521</naisia>
    <yhteensa>25478</yhteensa>
  </kunta>
  <kunta>
    <id>710</id>
    <nimi>Raasepori</nimi>
    <ruotsi>Raseborg</ruotsi>
    <miehia>14136</miehia>
    <naisia>14627</naisia>
    <yhteensa>28763</yhteensa>
  </kunta>
  <kunta>
    <id>680</id>
    <nimi>Raisio</nimi>
    <ruotsi>Reso</ruotsi>
    <miehia>11952</miehia>
    <naisia>12447</naisia>
    <yhteensa>24399</yhteensa>
  </kunta>
  <kunta>
    <id>681</id>
    <nimi>Rantasalmi</nimi>
    <ruotsi>Rantasalmi</ruotsi>
    <miehia>1916</miehia>
    <naisia>1917</naisia>
    <yhteensa>3833</yhteensa>
  </kunta>
  <kunta>
    <id>683</id>
    <nimi>Ranua</nimi>
    <ruotsi>Ranua</ruotsi>
    <miehia>2140</miehia>
    <naisia>1978</naisia>
    <yhteensa>4118</yhteensa>
  </kunta>
  <kunta>
    <id>684</id>
    <nimi>Rauma</nimi>
    <ruotsi>Raumo</ruotsi>
    <miehia>19747</miehia>
    <naisia>20203</naisia>
    <yhteensa>39950</yhteensa>
  </kunta>
  <kunta>
    <id>686</id>
    <nimi>Rautalampi</nimi>
    <ruotsi>Rautalampi</ruotsi>
    <miehia>1692</miehia>
    <naisia>1709</naisia>
    <yhteensa>3401</yhteensa>
  </kunta>
  <kunta>
    <id>687</id>
    <nimi>Rautavaara</nimi>
    <ruotsi>Rautavaara</ruotsi>
    <miehia>962</miehia>
    <naisia>808</naisia>
    <yhteensa>1770</yhteensa>
  </kunta>
  <kunta>
    <id>689</id>
    <nimi>Rautjärvi</nimi>
    <ruotsi>Rautjärvi</ruotsi>
    <miehia>1845</miehia>
    <naisia>1805</naisia>
    <yhteensa>3650</yhteensa>
  </kunta>
  <kunta>
    <id>691</id>
    <nimi>Reisjärvi</nimi>
    <ruotsi>Reisjärvi</ruotsi>
    <miehia>1507</miehia>
    <naisia>1415</naisia>
    <yhteensa>2922</yhteensa>
  </kunta>
  <kunta>
    <id>694</id>
    <nimi>Riihimäki</nimi>
    <ruotsi>Riihimäki</ruotsi>
    <miehia>14506</miehia>
    <naisia>14896</naisia>
    <yhteensa>29402</yhteensa>
  </kunta>
  <kunta>
    <id>697</id>
    <nimi>Ristijärvi</nimi>
    <ruotsi>Ristijärvi</ruotsi>
    <miehia>724</miehia>
    <naisia>690</naisia>
    <yhteensa>1414</yhteensa>
  </kunta>
  <kunta>
    <id>698</id>
    <nimi>Rovaniemi</nimi>
    <ruotsi>Rovaniemi</ruotsi>
    <miehia>29879</miehia>
    <naisia>31402</naisia>
    <yhteensa>61281</yhteensa>
  </kunta>
  <kunta>
    <id>700</id>
    <nimi>Ruokolahti</nimi>
    <ruotsi>Ruokolahti</ruotsi>
    <miehia>2702</miehia>
    <naisia>2730</naisia>
    <yhteensa>5432</yhteensa>
  </kunta>
  <kunta>
    <id>702</id>
    <nimi>Ruovesi</nimi>
    <ruotsi>Ruovesi</ruotsi>
    <miehia>2416</miehia>
    <naisia>2324</naisia>
    <yhteensa>4740</yhteensa>
  </kunta>
  <kunta>
    <id>704</id>
    <nimi>Rusko</nimi>
    <ruotsi>Rusko</ruotsi>
    <miehia>2981</miehia>
    <naisia>3039</naisia>
    <yhteensa>6020</yhteensa>
  </kunta>
  <kunta>
    <id>707</id>
    <nimi>Rääkkylä</nimi>
    <ruotsi>Rääkkylä</ruotsi>
    <miehia>1286</miehia>
    <naisia>1165</naisia>
    <yhteensa>2451</yhteensa>
  </kunta>
  <kunta>
    <id>729</id>
    <nimi>Saarijärvi</nimi>
    <ruotsi>Saarijärvi</ruotsi>
    <miehia>5048</miehia>
    <naisia>5073</naisia>
    <yhteensa>10121</yhteensa>
  </kunta>
  <kunta>
    <id>732</id>
    <nimi>Salla</nimi>
    <ruotsi>Salla</ruotsi>
    <miehia>2037</miehia>
    <naisia>1789</naisia>
    <yhteensa>3826</yhteensa>
  </kunta>
  <kunta>
    <id>734</id>
    <nimi>Salo</nimi>
    <ruotsi>Salo</ruotsi>
    <miehia>26746</miehia>
    <naisia>27613</naisia>
    <yhteensa>54359</yhteensa>
  </kunta>
  <kunta>
    <id>736</id>
    <nimi>Saltvik</nimi>
    <ruotsi>Saltvik</ruotsi>
    <miehia>917</miehia>
    <naisia>901</naisia>
    <yhteensa>1818</yhteensa>
  </kunta>
  <kunta>
    <id>790</id>
    <nimi>Sastamala</nimi>
    <ruotsi>Sastamala</ruotsi>
    <miehia>12585</miehia>
    <naisia>12840</naisia>
    <yhteensa>25425</yhteensa>
  </kunta>
  <kunta>
    <id>738</id>
    <nimi>Sauvo</nimi>
    <ruotsi>Sagu</ruotsi>
    <miehia>1520</miehia>
    <naisia>1502</naisia>
    <yhteensa>3022</yhteensa>
  </kunta>
  <kunta>
    <id>739</id>
    <nimi>Savitaipale</nimi>
    <ruotsi>Savitaipale</ruotsi>
    <miehia>1840</miehia>
    <naisia>1845</naisia>
    <yhteensa>3685</yhteensa>
  </kunta>
  <kunta>
    <id>740</id>
    <nimi>Savonlinna</nimi>
    <ruotsi>Nyslott</ruotsi>
    <miehia>17513</miehia>
    <naisia>18565</naisia>
    <yhteensa>36078</yhteensa>
  </kunta>
  <kunta>
    <id>742</id>
    <nimi>Savukoski</nimi>
    <ruotsi>Savukoski</ruotsi>
    <miehia>597</miehia>
    <naisia>509</naisia>
    <yhteensa>1106</yhteensa>
  </kunta>
  <kunta>
    <id>743</id>
    <nimi>Seinäjoki</nimi>
    <ruotsi>Seinäjoki</ruotsi>
    <miehia>29536</miehia>
    <naisia>31215</naisia>
    <yhteensa>60751</yhteensa>
  </kunta>
  <kunta>
    <id>746</id>
    <nimi>Sievi</nimi>
    <ruotsi>Sievi</ruotsi>
    <miehia>2673</miehia>
    <naisia>2514</naisia>
    <yhteensa>5187</yhteensa>
  </kunta>
  <kunta>
    <id>747</id>
    <nimi>Siikainen</nimi>
    <ruotsi>Siikainen</ruotsi>
    <miehia>842</miehia>
    <naisia>744</naisia>
    <yhteensa>1586</yhteensa>
  </kunta>
  <kunta>
    <id>748</id>
    <nimi>Siikajoki</nimi>
    <ruotsi>Siikajoki</ruotsi>
    <miehia>2880</miehia>
    <naisia>2660</naisia>
    <yhteensa>5540</yhteensa>
  </kunta>
  <kunta>
    <id>791</id>
    <nimi>Siikalatva</nimi>
    <ruotsi>Siikalatva</ruotsi>
    <miehia>3102</miehia>
    <naisia>2760</naisia>
    <yhteensa>5862</yhteensa>
  </kunta>
  <kunta>
    <id>749</id>
    <nimi>Siilinjärvi</nimi>
    <ruotsi>Siilinjärvi</ruotsi>
    <miehia>10808</miehia>
    <naisia>10799</naisia>
    <yhteensa>21607</yhteensa>
  </kunta>
  <kunta>
    <id>751</id>
    <nimi>Simo</nimi>
    <ruotsi>Simo</ruotsi>
    <miehia>1698</miehia>
    <naisia>1614</naisia>
    <yhteensa>3312</yhteensa>
  </kunta>
  <kunta>
    <id>753</id>
    <nimi>Sipoo</nimi>
    <ruotsi>Sibbo</ruotsi>
    <miehia>9523</miehia>
    <naisia>9513</naisia>
    <yhteensa>19036</yhteensa>
  </kunta>
  <kunta>
    <id>755</id>
    <nimi>Siuntio</nimi>
    <ruotsi>Sjundeå</ruotsi>
    <miehia>3165</miehia>
    <naisia>3058</naisia>
    <yhteensa>6223</yhteensa>
  </kunta>
  <kunta>
    <id>758</id>
    <nimi>Sodankylä</nimi>
    <ruotsi>Sodankylä</ruotsi>
    <miehia>4612</miehia>
    <naisia>4230</naisia>
    <yhteensa>8842</yhteensa>
  </kunta>
  <kunta>
    <id>759</id>
    <nimi>Soini</nimi>
    <ruotsi>Soini</ruotsi>
    <miehia>1160</miehia>
    <naisia>1127</naisia>
    <yhteensa>2287</yhteensa>
  </kunta>
  <kunta>
    <id>761</id>
    <nimi>Somero</nimi>
    <ruotsi>Somero</ruotsi>
    <miehia>4572</miehia>
    <naisia>4613</naisia>
    <yhteensa>9185</yhteensa>
  </kunta>
  <kunta>
    <id>762</id>
    <nimi>Sonkajärvi</nimi>
    <ruotsi>Sonkajärvi</ruotsi>
    <miehia>2273</miehia>
    <naisia>2088</naisia>
    <yhteensa>4361</yhteensa>
  </kunta>
  <kunta>
    <id>765</id>
    <nimi>Sotkamo</nimi>
    <ruotsi>Sotkamo</ruotsi>
    <miehia>5286</miehia>
    <naisia>5346</naisia>
    <yhteensa>10632</yhteensa>
  </kunta>
  <kunta>
    <id>766</id>
    <nimi>Sottunga</nimi>
    <ruotsi>Sottunga</ruotsi>
    <miehia>52</miehia>
    <naisia>47</naisia>
    <yhteensa>99</yhteensa>
  </kunta>
  <kunta>
    <id>768</id>
    <nimi>Sulkava</nimi>
    <ruotsi>Sulkava</ruotsi>
    <miehia>1398</miehia>
    <naisia>1407</naisia>
    <yhteensa>2805</yhteensa>
  </kunta>
  <kunta>
    <id>771</id>
    <nimi>Sund</nimi>
    <ruotsi>Sund</ruotsi>
    <miehia>531</miehia>
    <naisia>515</naisia>
    <yhteensa>1046</yhteensa>
  </kunta>
  <kunta>
    <id>777</id>
    <nimi>Suomussalmi</nimi>
    <ruotsi>Suomussalmi</ruotsi>
    <miehia>4374</miehia>
    <naisia>4163</naisia>
    <yhteensa>8537</yhteensa>
  </kunta>
  <kunta>
    <id>778</id>
    <nimi>Suonenjoki</nimi>
    <ruotsi>Suonenjoki</ruotsi>
    <miehia>3719</miehia>
    <naisia>3755</naisia>
    <yhteensa>7474</yhteensa>
  </kunta>
  <kunta>
    <id>781</id>
    <nimi>Sysmä</nimi>
    <ruotsi>Sysmä</ruotsi>
    <miehia>2032</miehia>
    <naisia>2111</naisia>
    <yhteensa>4143</yhteensa>
  </kunta>
  <kunta>
    <id>783</id>
    <nimi>Säkylä</nimi>
    <ruotsi>Säkylä</ruotsi>
    <miehia>2243</miehia>
    <naisia>2315</naisia>
    <yhteensa>4558</yhteensa>
  </kunta>
  <kunta>
    <id>831</id>
    <nimi>Taipalsaari</nimi>
    <ruotsi>Taipalsaari</ruotsi>
    <miehia>2471</miehia>
    <naisia>2362</naisia>
    <yhteensa>4833</yhteensa>
  </kunta>
  <kunta>
    <id>832</id>
    <nimi>Taivalkoski</nimi>
    <ruotsi>Taivalkoski</ruotsi>
    <miehia>2272</miehia>
    <naisia>1961</naisia>
    <yhteensa>4233</yhteensa>
  </kunta>
  <kunta>
    <id>833</id>
    <nimi>Taivassalo</nimi>
    <ruotsi>Tövsala</ruotsi>
    <miehia>850</miehia>
    <naisia>817</naisia>
    <yhteensa>1667</yhteensa>
  </kunta>
  <kunta>
    <id>834</id>
    <nimi>Tammela</nimi>
    <ruotsi>Tammela</ruotsi>
    <miehia>3200</miehia>
    <naisia>3196</naisia>
    <yhteensa>6396</yhteensa>
  </kunta>
  <kunta>
    <id>837</id>
    <nimi>Tampere</nimi>
    <ruotsi>Tammerfors</ruotsi>
    <miehia>107529</miehia>
    <naisia>114662</naisia>
    <yhteensa>222191</yhteensa>
  </kunta>
  <kunta>
    <id>838</id>
    <nimi>Tarvasjoki</nimi>
    <ruotsi>Tarvasjoki</ruotsi>
    <miehia>984</miehia>
    <naisia>993</naisia>
    <yhteensa>1977</yhteensa>
  </kunta>
  <kunta>
    <id>844</id>
    <nimi>Tervo</nimi>
    <ruotsi>Tervo</ruotsi>
    <miehia>846</miehia>
    <naisia>785</naisia>
    <yhteensa>1631</yhteensa>
  </kunta>
  <kunta>
    <id>845</id>
    <nimi>Tervola</nimi>
    <ruotsi>Tervola</ruotsi>
    <miehia>1701</miehia>
    <naisia>1569</naisia>
    <yhteensa>3270</yhteensa>
  </kunta>
  <kunta>
    <id>846</id>
    <nimi>Teuva</nimi>
    <ruotsi>Östermark</ruotsi>
    <miehia>2819</miehia>
    <naisia>2769</naisia>
    <yhteensa>5588</yhteensa>
  </kunta>
  <kunta>
    <id>848</id>
    <nimi>Tohmajärvi</nimi>
    <ruotsi>Tohmajärvi</ruotsi>
    <miehia>2497</miehia>
    <naisia>2340</naisia>
    <yhteensa>4837</yhteensa>
  </kunta>
  <kunta>
    <id>849</id>
    <nimi>Toholampi</nimi>
    <ruotsi>Toholampi</ruotsi>
    <miehia>1689</miehia>
    <naisia>1673</naisia>
    <yhteensa>3362</yhteensa>
  </kunta>
  <kunta>
    <id>850</id>
    <nimi>Toivakka</nimi>
    <ruotsi>Toivakka</ruotsi>
    <miehia>1256</miehia>
    <naisia>1196</naisia>
    <yhteensa>2452</yhteensa>
  </kunta>
  <kunta>
    <id>851</id>
    <nimi>Tornio</nimi>
    <ruotsi>Torneå</ruotsi>
    <miehia>11207</miehia>
    <naisia>11103</naisia>
    <yhteensa>22310</yhteensa>
  </kunta>
  <kunta>
    <id>853</id>
    <nimi>Turku</nimi>
    <ruotsi>Åbo</ruotsi>
    <miehia>87057</miehia>
    <naisia>96202</naisia>
    <yhteensa>183259</yhteensa>
  </kunta>
  <kunta>
    <id>857</id>
    <nimi>Tuusniemi</nimi>
    <ruotsi>Tuusniemi</ruotsi>
    <miehia>1409</miehia>
    <naisia>1366</naisia>
    <yhteensa>2775</yhteensa>
  </kunta>
  <kunta>
    <id>858</id>
    <nimi>Tuusula</nimi>
    <ruotsi>Tusby</ruotsi>
    <miehia>19017</miehia>
    <naisia>19147</naisia>
    <yhteensa>38164</yhteensa>
  </kunta>
  <kunta>
    <id>859</id>
    <nimi>Tyrnävä</nimi>
    <ruotsi>Tyrnävä</ruotsi>
    <miehia>3409</miehia>
    <naisia>3307</naisia>
    <yhteensa>6716</yhteensa>
  </kunta>
  <kunta>
    <id>886</id>
    <nimi>Ulvila</nimi>
    <ruotsi>Ulvsby</ruotsi>
    <miehia>6635</miehia>
    <naisia>6721</naisia>
    <yhteensa>13356</yhteensa>
  </kunta>
  <kunta>
    <id>887</id>
    <nimi>Urjala</nimi>
    <ruotsi>Urjala</ruotsi>
    <miehia>2497</miehia>
    <naisia>2541</naisia>
    <yhteensa>5038</yhteensa>
  </kunta>
  <kunta>
    <id>889</id>
    <nimi>Utajärvi</nimi>
    <ruotsi>Utajärvi</ruotsi>
    <miehia>1545</miehia>
    <naisia>1373</naisia>
    <yhteensa>2918</yhteensa>
  </kunta>
  <kunta>
    <id>890</id>
    <nimi>Utsjoki</nimi>
    <ruotsi>Utsjoki</ruotsi>
    <miehia>684</miehia>
    <naisia>581</naisia>
    <yhteensa>1265</yhteensa>
  </kunta>
  <kunta>
    <id>892</id>
    <nimi>Uurainen</nimi>
    <ruotsi>Uurainen</ruotsi>
    <miehia>1866</miehia>
    <naisia>1752</naisia>
    <yhteensa>3618</yhteensa>
  </kunta>
  <kunta>
    <id>893</id>
    <nimi>Uusikaarlepyy</nimi>
    <ruotsi>Nykarleby</ruotsi>
    <miehia>3868</miehia>
    <naisia>3663</naisia>
    <yhteensa>7531</yhteensa>
  </kunta>
  <kunta>
    <id>895</id>
    <nimi>Uusikaupunki</nimi>
    <ruotsi>Nystad</ruotsi>
    <miehia>7757</miehia>
    <naisia>7803</naisia>
    <yhteensa>15560</yhteensa>
  </kunta>
  <kunta>
    <id>785</id>
    <nimi>Vaala</nimi>
    <ruotsi>Vaala</ruotsi>
    <miehia>1644</miehia>
    <naisia>1528</naisia>
    <yhteensa>3172</yhteensa>
  </kunta>
  <kunta>
    <id>905</id>
    <nimi>Vaasa</nimi>
    <ruotsi>Vasa</ruotsi>
    <miehia>33145</miehia>
    <naisia>33437</naisia>
    <yhteensa>66582</yhteensa>
  </kunta>
  <kunta>
    <id>908</id>
    <nimi>Valkeakoski</nimi>
    <ruotsi>Valkeakoski</ruotsi>
    <miehia>10417</miehia>
    <naisia>10755</naisia>
    <yhteensa>21172</yhteensa>
  </kunta>
  <kunta>
    <id>911</id>
    <nimi>Valtimo</nimi>
    <ruotsi>Valtimo</ruotsi>
    <miehia>1210</miehia>
    <naisia>1151</naisia>
    <yhteensa>2361</yhteensa>
  </kunta>
  <kunta>
    <id>092</id>
    <nimi>Vantaa</nimi>
    <ruotsi>Vanda</ruotsi>
    <miehia>103188</miehia>
    <naisia>106623</naisia>
    <yhteensa>209811</yhteensa>
  </kunta>
  <kunta>
    <id>915</id>
    <nimi>Varkaus</nimi>
    <ruotsi>Varkaus</ruotsi>
    <miehia>10832</miehia>
    <naisia>11085</naisia>
    <yhteensa>21917</yhteensa>
  </kunta>
  <kunta>
    <id>918</id>
    <nimi>Vehmaa</nimi>
    <ruotsi>Vehmaa</ruotsi>
    <miehia>1159</miehia>
    <naisia>1184</naisia>
    <yhteensa>2343</yhteensa>
  </kunta>
  <kunta>
    <id>921</id>
    <nimi>Vesanto</nimi>
    <ruotsi>Vesanto</ruotsi>
    <miehia>1150</miehia>
    <naisia>1118</naisia>
    <yhteensa>2268</yhteensa>
  </kunta>
  <kunta>
    <id>922</id>
    <nimi>Vesilahti</nimi>
    <ruotsi>Vesilahti</ruotsi>
    <miehia>2305</miehia>
    <naisia>2185</naisia>
    <yhteensa>4490</yhteensa>
  </kunta>
  <kunta>
    <id>924</id>
    <nimi>Veteli</nimi>
    <ruotsi>Vetil</ruotsi>
    <miehia>1710</miehia>
    <naisia>1630</naisia>
    <yhteensa>3340</yhteensa>
  </kunta>
  <kunta>
    <id>925</id>
    <nimi>Vieremä</nimi>
    <ruotsi>Vieremä</ruotsi>
    <miehia>1949</miehia>
    <naisia>1876</naisia>
    <yhteensa>3825</yhteensa>
  </kunta>
  <kunta>
    <id>927</id>
    <nimi>Vihti</nimi>
    <ruotsi>Vichtis</ruotsi>
    <miehia>14448</miehia>
    <naisia>14565</naisia>
    <yhteensa>29013</yhteensa>
  </kunta>
  <kunta>
    <id>931</id>
    <nimi>Viitasaari</nimi>
    <ruotsi>Viitasaari</ruotsi>
    <miehia>3391</miehia>
    <naisia>3434</naisia>
    <yhteensa>6825</yhteensa>
  </kunta>
  <kunta>
    <id>934</id>
    <nimi>Vimpeli</nimi>
    <ruotsi>Vimpeli</ruotsi>
    <miehia>1584</miehia>
    <naisia>1544</naisia>
    <yhteensa>3128</yhteensa>
  </kunta>
  <kunta>
    <id>935</id>
    <nimi>Virolahti</nimi>
    <ruotsi>Virolahti</ruotsi>
    <miehia>1744</miehia>
    <naisia>1694</naisia>
    <yhteensa>3438</yhteensa>
  </kunta>
  <kunta>
    <id>936</id>
    <nimi>Virrat</nimi>
    <ruotsi>Virdois</ruotsi>
    <miehia>3574</miehia>
    <naisia>3640</naisia>
    <yhteensa>7214</yhteensa>
  </kunta>
  <kunta>
    <id>941</id>
    <nimi>Vårdö</nimi>
    <ruotsi>Vårdö</ruotsi>
    <miehia>226</miehia>
    <naisia>217</naisia>
    <yhteensa>443</yhteensa>
  </kunta>
  <kunta>
    <id>946</id>
    <nimi>Vöyri</nimi>
    <ruotsi>Vörå</ruotsi>
    <miehia>3440</miehia>
    <naisia>3283</naisia>
    <yhteensa>6723</yhteensa>
  </kunta>
  <kunta>
    <id>976</id>
    <nimi>Ylitornio</nimi>
    <ruotsi>Övertorneå</ruotsi>
    <miehia>2201</miehia>
    <naisia>2199</naisia>
    <yhteensa>4400</yhteensa>
  </kunta>
  <kunta>
    <id>977</id>
    <nimi>Ylivieska</nimi>
    <ruotsi>Ylivieska</ruotsi>
    <miehia>7470</miehia>
    <naisia>7441</naisia>
    <yhteensa>14911</yhteensa>
  </kunta>
  <kunta>
    <id>980</id>
    <nimi>Ylöjärvi</nimi>
    <ruotsi>Ylöjärvi</ruotsi>
    <miehia>16089</miehia>
    <naisia>15990</naisia>
    <yhteensa>32079</yhteensa>
  </kunta>
  <kunta>
    <id>981</id>
    <nimi>Ypäjä</nimi>
    <ruotsi>Ypäjä</ruotsi>
    <miehia>1240</miehia>
    <naisia>1235</naisia>
    <yhteensa>2475</yhteensa>
  </kunta>
  <kunta>
    <id>989</id>
    <nimi>Ähtäri</nimi>
    <ruotsi>Etseri</ruotsi>
    <miehia>3130</miehia>
    <naisia>3093</naisia>
    <yhteensa>6223</yhteensa>
  </kunta>
  <kunta>
    <id>992</id>
    <nimi>Äänekoski</nimi>
    <ruotsi>Äänekoski</ruotsi>
    <miehia>10022</miehia>
    <naisia>9942</naisia>
    <yhteensa>19964</yhteensa>
  </kunta>
</kunnat>
